<?xml version="1.0" encoding="UTF-8" ?>
<!DOCTYPE mapper
        PUBLIC "-//mybatis.org//DTD Mapper 3.0//EN"
        "http://mybatis.org/dtd/mybatis-3-mapper.dtd">
<mapper namespace="cn.kgc.hr.service.mapper.DepartmentMapper">
    <select  resultMap="qwe" id="getDepartmentByDepartmentId">
        SELECT * FROM DEPARTMENTS WHERE DEPARTMENT_ID =#{departmentId,jdbcType=NUMERIC}
    </select>
    <resultMap id="qwe" type="Department">
    <result property="departmentId" column=" DEPARTMENT_ID"/>
    <result property="departmentName" column="DEPARTMENT_NAME"/>
    <result property="manager" column="MANAGER_ID"/>
    <result property="locationId" column="LOCATION_ID"/>
    </resultMap>
    <insert id="intDepartment">
        INSERT INTO DEPARTMENTS (DEPARTMENT_ID, DEPARTMENT_NAME, MANAGER_ID, LOCATION_ID)
        VALUES (#{departmentId,jdbcType=NUMERIC},#{departmentName,jdbcType=VARCHAR},#{manager,jdbcType=NUMERIC},#{locationId,jdbcType=NUMERIC})
    </insert>
    <update id="updateDepartmentBydepartmentId">
        update DEPARTMENTS set DEPARTMENT_ID = #{departmentId} DEPARTMENT_NAME = #{departmentName}, MANAGER_ID = #{manager}, LOCATION_ID = #{locationId}
        where DEPARTMENT_ID = #{departmentId,jdbcType=NUMERIC}
    </update>
</mapper>