<?xml version="1.0" encoding="UTF-8" ?>
<!DOCTYPE mapper
        PUBLIC "-//mybatis.org//DTD Mapper 3.0//EN"
        "http://mybatis.org/dtd/mybatis-3-mapper.dtd">
<mapper namespace="cn.kgc.hr.service.mapper.EmployeesMapper">
    <select  resultMap="qwe" id="getEmployeesByEmployeesId">
        SELECT * FROM "EMPLOYEES" WHERE EMPLOYEE_ID =#{employeesID}
    </select>
    <resultMap id="qwe" type="Employees">
        <id property="employeesID" column="EMPLOYEE_ID"/>
        <result property="firstName" column="FIRST_NAME"/>
        <result property="lastName" column="LAST_NAME"/>
        <result property="Emall" column="EMAIL"/>
        <result property="phoneNumber" column="PHONE_NUMBER"/>
        <result property="hireDate" column="HIRE_DATE"/>
        <result property="jobId" column="JOB_ID"/>
        <result property="managerId" column="MANAGER_ID"/>
        <result property="departmentId" column="DEPARTMENT_ID"/>
    </resultMap>
    <insert id="insertEmpyees">
        INSERT INTO EMPLOYEES ( EMPLOYEE_ID,FIRST_NAME, LAST_NAME, EMAIL, PHONE_NUMBER, HIRE_DATE, JOB_ID, SALARY,
                       MANAGER_ID, DEPARTMENT_ID)
        VALUES (SE_TEST.nextval,#{firstName},#{lastName},#{Emall},#{phoneNumber},CURRENT_DATE ,#{jobId},#{salary},#{managerId},#{departmentId})
    </insert>
    <update id="updateEmpyeesByEmployeesId">
        UPDATE EMPLOYEES SET JOB_ID = #{jobId,jdbcType=VARCHAR}
        WHERE EMPLOYEE_ID = #{employeesID}
    </update>
    <delete id="delectEmpyess" >
        DELETE FROM EMPLOYEES WHERE EMPLOYEE_ID =#{employeesID}
    </delete>

</mapper>