<?xml version="1.0" encoding="UTF-8" ?>
<!DOCTYPE mapper
        PUBLIC "-//mybatis.org//DTD Mapper 3.0//EN"
        "http://mybatis.org/dtd/mybatis-3-mapper.dtd">
<mapper namespace="cn.kgc.hr.service.mapper.JobsMapper">
    <select resultMap="qwe" id="getJobsByJobId">
        SELECT * FROM JOBS WHERE JOB_ID LIKE #{jobId,jdbcType=VARCHAR}
    </select>
    <resultMap id="qwe" type="Jobs">
        <id property="jobId" column="JOB_ID"/>
        <result property="jobTitle" column="JOB_TITLE"/>
        <result property="minSalary" column="MIN_SALARY"/>
        <result property="maxSalary" column="MAX_SALARY"/>
    </resultMap>


    <insert id="addJobs">
        INSERT INTO JOBS(JOB_ID, JOB_TITLE, MIN_SALARY, MAX_SALARY)
        VALUES (#{jobId},#{jobTitle},#{minSalary},#{maxSalary})
    </insert>
    <update id="updateJobsByJobId">
        update JOBS set JOB_TITLE = #{jobTitle}, MIN_SALARY = #{minSalary}, MAX_SALARY = #{maxSalary}
        where JOB_ID = #{jobId,jdbcType=VARCHAR}
    </update>
</mapper>